CUR_NME,SITE_TYPE,GIS_AREA,DISTRICT
Goukamma Provincial Nature Reserve,Nature Reserve,2310,Garden Route
Gamka Mountain Provincial Nature Reserve,Nature Reserve,9592,Garden Route
De Hoop Nature Reserve,Nature Reserve,33900,Overberg
Vrolijkheid Nature Reserve,Nature Reserve,1963,Cape Winelands
Gamkapoort Nature Reserve,Nature Reserve,9192,Central Karoo
Anysberg Mountain Catchment Area,Mountain Catchment Area,6272,Central Karoo
Keurbooms River Nature Reserve,Nature Reserve,890,Garden Route
Robberg Nature Reserve,Nature Reserve,196,Garden Route
Rocher Pan Nature Reserve,Nature Reserve,930,West Coast
Salmonsdam Provincial Nature Reserve,Nature Reserve,713,Overberg
Riverlands Provincial Nature Reserve,Nature Reserve,1693,West Coast
Sinclair Nature Reserve,Forest Nature Reserve,1907,Garden Route
Ysternek Nature Reserve,Forest Nature Reserve,1196,Garden Route
Lelievlei Nature Reserve,Forest Nature Reserve,1085,Garden Route
Whiskey Creek Nature Reserve,Forest Nature Reserve,2138,Garden Route
Groot Swartberg Mountain Catchment Area,Mountain Catchment Area,9607,Garden Route
Hawequas Mountain Catchment Area,Mountain Catchment Area,51604,Cape Winelands
Klein Swartberg Mountain Catchment Area,Mountain Catchment Area,32615,Garden Route
Matjies Rivier Provincial Nature Reserve,Nature Reserve,18754,West Coast
SAS Saldanha Provincial Nature Reserve,Nature Reserve,945,West Coast
Touw Local Nature Reserve,Nature Reserve,1714,Cape Winelands
Ceres Bergfynbos Reserve,Nature Reserve,7000,Cape Winelands
Voëlvlei Provincial Nature Reserve,Nature Reserve,866,Cape Winelands
Dassieshoek Nature Reserve,Nature Reserve,765,Cape Winelands
Riviersonderend Mountain Catchment Area,Mountain Catchment Area,45277,Cape Winelands
Greyton Natuurpark,Nature Reserve,1943,Overberg
Werner Frehse Nature Reserve,Nature Reserve,166,Garden Route
Caledon Nature Reserve,Nature Reserve,259,Overberg
Maanschynkop Nature Reserve,Nature Reserve,785,Overberg
Fernkloof Nature Reserve,Nature Reserve,658,Overberg
Table Mountain National Park Marine Protected Area,Marine Protected Area,95586,City of Cape Town
Betty's Bay Marine Protected Area,Marine Protected Area,2014,Overberg
Goukamma Marine Protected Area,Marine Protected Area,3397,Garden Route
Helderberg Marine Protected Area,Marine Protected Area,240,City of Cape Town
Jutten Island Marine Protected Area,Marine Protected Area,111,West Coast
Langebaan Lagoon Marine Protected Area,Marine Protected Area,4672,West Coast
Marcus Island Marine Protected Area,Marine Protected Area,25,West Coast
Robberg Marine Protected Area,Marine Protected Area,2618,Garden Route
Sixteen Mile Beach Marine Protected Area,Marine Protected Area,10691,West Coast
Tsitsikamma Marine Protected Area,Marine Protected Area,29366,Garden Route
Assegaaibos Provincial Nature Reserve,Nature Reserve,197,Cape Winelands
Columbine Nature Reserve,Nature Reserve,266,West Coast
The Fort Local Nature Reserve,Nature Reserve,118,Garden Route
Durbanville Nature Reserve,Nature Reserve,6,City of Cape Town
Geelkrans Provincial Nature Reserve,Nature Reserve,227,Garden Route
Groenefontein Provincial Nature Reserve,Nature Reserve,5226,Garden Route
Harmony Flats Provincial Nature Reserve,Nature Reserve,9,City of Cape Town
J. N. Briers-Louw Nature Reserve,Nature Reserve,29,Cape Winelands
Jubilee Creek Nature Reserve,Forest Nature Reserve,1225,Garden Route
Kalbaskraal Nature Reserve,Nature Reserve,37,West Coast
Kammanassie Mountain Catchment Area,Mountain Catchment Area,30296,Garden Route
Katrivier Nature Reserve,Nature Reserve,77,Garden Route
Kleinmond Coastal Nature Reserve,Nature Reserve,23,Overberg
Koue Bokkeveld Mountain Catchment Area,Mountain Catchment Area,96857,Cape Winelands
Ladismith Klein Karoo Nature Reserve,Nature Reserve,2771,Garden Route
Langeberg-East Mountain Catchment Area,Mountain Catchment Area,40734,Garden Route
Langeberg-Wes Mountain Catchment Area,Mountain Catchment Area,63585,Cape Winelands
Lourens River Protected Natural Environment,Protected Environment,4412,City of Cape Town
Matroosberg Mountain Catchment Area,Mountain Catchment Area,82531,Cape Winelands
Church Millwood Nature Reserve,Forest Nature Reserve,6542,Garden Route
Mont Rochelle Nature Reserve,Nature Reserve,1684,Cape Winelands
Centenary Nature Reserve,Nature Reserve,16,Cape Winelands
Montagu Mountain Reserve,Nature Reserve,1174,Cape Winelands
Paardenberg Nature Reserve,Nature Reserve,383,West Coast
Paarl Mountain Nature Reserve,Nature Reserve,2008,Cape Winelands
Pauline Bohnen Nature Reserve,Nature Reserve,387,Garden Route
Pledge Nature Reserve,Nature Reserve,11,Garden Route
Raapenberg Bird Sancutary Nature Reserve,Nature Reserve,16,City of Cape Town
Ramskop Nature Reserve,Nature Reserve,64,West Coast
Rondevlei Bird Sanctuary,Nature Reserve,100,City of Cape Town
Sederberg Mountain Catchment Area,Mountain Catchment Area,59414,West Coast
Sepree Rivier Private Nature Reserve,Nature Reserve,1772,Garden Route
Skulpiesbaai Local Nature Reserve,Nature Reserve,79,Garden Route
Swartberg-Oos Mountain Catchment Area,Mountain Catchment Area,10504,Garden Route
Villiersdorp Nature Reserve,Nature Reserve,527,Overberg
Winterhoek Mountain Catchment Area,Mountain Catchment Area,51325,West Coast
Witdraai Private Nature Reserve,Nature Reserve,1041,Overberg
Yzerfontein Local Nature Reserve,Nature Reserve,94,West Coast
Greater Zandvlei Estuary Nature Reserve,Nature Reserve,23,City of Cape Town
Brenton Blue Butterfly Nature Reserve,Special Nature Reserve,1,Garden Route
Rooiberg Mountain Catchment Area,Mountain Catchment Area,12546,Garden Route
Walker Bay Whale Sanctuary Marine Protected Area,Marine Protected Area,11249,Overberg
Robberg Coastal Corridor Protected Environment,Protected Environment,846,Garden Route
Boosmansbos Wilderness Area,Forest Wilderness Area,14005,Overberg
Doringrivier Wilderness Area,Forest Wilderness Area,9520,Garden Route
Groot-Winterhoek Wilderness Area,Forest Wilderness Area,24311,West Coast
Sederberg Wilderness Area,Forest Wilderness Area,62794,West Coast
Anysberg Nature Reserve,Forest Nature Reserve,5201,Garden Route
Attakwaskloof Nature Reserve,Forest Nature Reserve,10308,Garden Route
De Mond Nature Reserve,Forest Nature Reserve,928,Overberg
Geelkrans Nature Reserve,Forest Nature Reserve,187,Garden Route
Hottentotsholland Nature Reserve,Forest Nature Reserve,26050,Cape Winelands
Marloth Nature Reserve,Forest Nature Reserve,11550,Overberg
Aloeridge Nature Reserve,Nature Reserve,4,Garden Route
Blaauwberg Conservation Area Local Nature Reserve,Nature Reserve,558,City of Cape Town
Blue Hill Nature Reserve,Nature Reserve,2271,Garden Route
Brodie Link Provincial Nature Reserve,Nature Reserve,92,Overberg
Cape Peninsula Nature Area,Nature Reserve,6272,City of Cape Town
Craigantlet Nature Reserve,Nature Reserve,48,Overberg
Darling Local Nature Reserve,Nature Reserve,15,West Coast
Darling Renosterveld Local Nature Reserve,Nature Reserve,37,West Coast
Dassen Island Provincial Nature Reserve,Nature Reserve,269,West Coast
Dyer Island Provincial Nature Reserve,Nature Reserve,31,Overberg
False Bay Seal Island Provincial Nature Reserve,Nature Reserve,3,City of Cape Town
Galgeheuwel Local Nature Reserve,Nature Reserve,105,Cape Winelands
Gamkaskloof Provincial Nature Reserve,Nature Reserve,4391,Central Karoo
Geyser Island Provincial Nature Reserve,Nature Reserve,5,Overberg
Grootvlei Nature Reserve,Nature Reserve,764,Cape Winelands
Heidelberg Nature Reserve,Nature Reserve,16,Garden Route
Kleyn Hagel Kraal Nature Reserve,Nature Reserve,29,Overberg
Kruis River Wetland Nature Reserve,Nature Reserve,195,Garden Route
Lambert's Bay Penguin Island Provincial Nature Reserve,Nature Reserve,7,West Coast
Land-en-Zeezicht Nature Reserve,Nature Reserve,285,City of Cape Town
Langebaan Nature Area,Nature Reserve,5143,West Coast
Paternoster Rocks Provincial Nature Reserve,Nature Reserve,11,West Coast
Postberg Nature Reserve,Nature Reserve,2453,West Coast
Quoin Rock Provincial Nature Reserve,Nature Reserve,1,Overberg
Rietvlei Nature Area,Nature Reserve,549,City of Cape Town
Rooiolifantskloof Nature Reserve,Nature Reserve,6295,Garden Route
Rooisand Provincial Nature Reserve,Nature Reserve,294,Overberg
Seal Ledges Provincial Nature Reserve,Nature Reserve,1,City of Cape Town
Silvermine Nature Reserve,Nature Reserve,1680,City of Cape Town
Table Mountain Nature Reserve,Nature Reserve,3222,City of Cape Town
Vaalhoek Provincial Nature Reserve,Nature Reserve,1337,Garden Route
Vondeling Island Provincial Nature Reserve,Nature Reserve,15,West Coast
Zeekoevlei Local Nature Reserve,Nature Reserve,421,City of Cape Town
Towerland Trust Nature Reserve,Nature Reserve,248,Garden Route
Annet Private Nature Reserve,Nature Reserve,126,Garden Route
Annex Arch Rock Private Nature Reserve,Nature Reserve,54,Garden Route
Banghoek Private Nature Reserve,Nature Reserve,1035,West Coast
Basjanskloof Private Nature Reserve,Nature Reserve,6449,Cape Winelands
Bergwater Private Nature Reserve,Nature Reserve,304,Cape Winelands
Blaauw Mountain Private Nature Reserve,Nature Reserve,339,City of Cape Town
Black River Private Nature Reserve,Nature Reserve,155,Garden Route
Blomberg Private Nature Reserve,Nature Reserve,278,Garden Route
Blombos Private Nature Reserve,Nature Reserve,61,Garden Route
Blydskap Private Nature Reserve,Nature Reserve,16,Garden Route
Bobbejaanskloof Private Nature Reserve,Nature Reserve,151,Garden Route
Bojaansklip Private Nature Reserve,Nature Reserve,195,West Coast
Boontjiesrivier Park Private Nature Reserve,Nature Reserve,221,Cape Winelands
Bosbokstrand Private Nature Reserve,Nature Reserve,963,Overberg
Bosnes Private Nature Reserve,Nature Reserve,4,Garden Route
Botterboom Private Nature Reserve,Nature Reserve,706,Overberg
Brackenburn Private Nature Reserve,Nature Reserve,91,Garden Route
Brian Mansergh Private Nature Reserve,Nature Reserve,84,Overberg
Buitenverwachting Private Nature Reserve,Nature Reserve,248,Garden Route
Cape Flats Private Nature Reserve,Nature Reserve,33,City of Cape Town
Cederberg Private Nature Reserve,Nature Reserve,4062,West Coast
Chaynouqua Private Nature Reserve,Nature Reserve,60,Overberg
Coppull Private Nature Reserve,Nature Reserve,91,Overberg
Die Duine Private Nature Reserve,Nature Reserve,772,Garden Route
Die Eiland Private Nature Reserve,Nature Reserve,56,West Coast
Die Poort Private Nature Reserve,Nature Reserve,1253,Garden Route
Diepklowe Private Nature Reserve,Nature Reserve,218,Overberg
Doornkloof Private Nature Reserve,Nature Reserve,563,Cape Winelands
Doorspring Private Nature Reserve,Nature Reserve,731,West Coast
Drie Kuilen Private Nature Reserve,Nature Reserve,1062,Cape Winelands
Drooge Riviers Berg Private Nature Reserve,Nature Reserve,956,Cape Winelands
Duin-'n-See Private Nature Reserve,Nature Reserve,862,Garden Route
Duivenhoksriviermond Private Nature Reserve,Nature Reserve,285,Garden Route
Eagle's Rest Private Nature Reserve,Nature Reserve,19,City of Cape Town
Featherbed Private Nature Reserve,Nature Reserve,57,Garden Route
Freshwater Sands Private Nature Reserve,Nature Reserve,773,Overberg
Fynbosrand Private Nature Reserve,Nature Reserve,104,Overberg
Fynbos Ridge Private Nature Reserve,Nature Reserve,6,Garden Route
George Private Nature Reserve,Nature Reserve,138,Garden Route
Greylands Private Nature Reserve,Nature Reserve,477,Garden Route
Groenkant Private Nature Reserve,Nature Reserve,154,Garden Route
Groenfontein Private Nature Reserve,Nature Reserve,14014,Cape Winelands
Groot Dam Private Nature Reserve,Nature Reserve,181,Garden Route
Groot Hagelkraal Private Nature Reserve,Nature Reserve,1321,Overberg
Groot Paternoster Private Nature Reserve,Nature Reserve,342,West Coast
Grootbos Private Nature Reserve,Nature Reserve,122,Overberg
Grotto Bay Private Nature Reserve,Nature Reserve,964,West Coast
Hannes Zaaiman Private Nature Reserve,Nature Reserve,166,Garden Route
Han's Gift Private Nature Reserve,Nature Reserve,73,West Coast
Hasekraal Private Nature Reserve,Nature Reserve,2695,Overberg
Hebron Private Nature Reserve,Nature Reserve,60,Overberg
Henry Kruger Private Nature Reserve,Nature Reserve,4132,Central Karoo
Pierre-Jeanne Gerber No 10 Private Nature Reserve,Nature Reserve,111,Garden Route
Pierre-Jeanne Gerber No 3 Private Nature Reserve,Nature Reserve,23,Overberg
Plettenberg Bay Club Private Nature Reserve,Nature Reserve,67,Garden Route
Quaggas Berg Private Nature Reserve,Nature Reserve,562,Cape Winelands
Radyn Dam Private Nature Reserve,Nature Reserve,690,West Coast
Red Hill Fynbos Private Nature Reserve,Nature Reserve,21,City of Cape Town
Rhenosterkop Private Nature Reserve,Nature Reserve,1005,Overberg
Rivendell Private Nature Reserve,Nature Reserve,24,Garden Route
Riverine Rabbit Private Nature Reserve,Nature Reserve,1250,Cape Winelands
Rondeberg Oord Private Nature Reserve,Nature Reserve,266,West Coast
Ruvami Private Nature Reserve,Nature Reserve,917,Overberg
Samland Private Nature Reserve,Nature Reserve,9,Garden Route
San Sebastian Private Nature Reserve,Nature Reserve,457,Overberg
Sandies Glen Private Nature Reserve,Nature Reserve,132,Overberg
Sangebethu Private Nature Reserve,Nature Reserve,1875,Cape Winelands
Zeven Puts Private Nature Reserve,Nature Reserve,648,West Coast
Skuilkrans Private Nature Reserve,Nature Reserve,1856,Cape Winelands
Skuilte Private Nature Reserve,Nature Reserve,13,Garden Route
Sonquas Fontein Wildlife Private Nature Reserve,Nature Reserve,1173,West Coast
Soopjeshoogte Private Nature Reserve,Nature Reserve,792,West Coast
Southview Private Nature Reserve,Nature Reserve,28,Garden Route
Steenbokkie Private Nature Reserve,Nature Reserve,7155,Central Karoo
Steenboksfontein Private Nature Reserve,Nature Reserve,911,West Coast
Stilbaai Fynbos Private Nature Reserve,Nature Reserve,10,Garden Route
Sustersdal_Private_Nature_Reserve.pdf,Nature Reserve,1241,Garden Route
Swartberg Private Nature Reserve,Nature Reserve,1214,Central Karoo
Swartriet Private Nature Reserve,Nature Reserve,679,West Coast
Tankwa Private Nature Reserve,Nature Reserve,1483,Cape Winelands
Ten Einde Private Nature Reserve,Nature Reserve,185,Garden Route
Taayskloof Private Nature Reserve,Nature Reserve,4290,Garden Route
Tanqua Private Nature Reserve,Nature Reserve,3701,Cape Winelands
The Eyerpoort Private Nature Reserve,Nature Reserve,3622,Overberg
The Gums Private Nature Reserve,Nature Reserve,62,Garden Route
The Lagoon 2 Private Nature Reserve,Nature Reserve,39,Overberg
Vergaderingskop Private Nature Reserve,Nature Reserve,235,Garden Route
Vogelgat Private Nature Reserve,Nature Reserve,676,Overberg
Wadrift Private Nature Reserve,Nature Reserve,799,Garden Route
Wakkerstroom Private Nature Reserve,Nature Reserve,354,Cape Winelands
Wargundy Private Nature Reserve,Nature Reserve,3,Garden Route
Waterkop Private Nature Reserve,Nature Reserve,309,Overberg
West Point Private Nature Reserve,Nature Reserve,97,West Coast
Westford Bridge Private Nature Reserve,Nature Reserve,109,Garden Route
Whispering Hills Private Nature Reserve,Nature Reserve,260,Cape Winelands
Zuurkloof Private Nature Reserve,Nature Reserve,2672,Central Karoo
Zwartbosch Private Nature Reserve,Nature Reserve,5061,Cape Winelands
Oude Bosch Private Nature Reserve,Nature Reserve,317,Overberg
Otters Creek Private Nature Reserve,Nature Reserve,4,Garden Route
Ortmansgat Private Nature Reserve,Nature Reserve,817,Garden Route
Orca Private Nature Reserve,Nature Reserve,72,Garden Route
Opdrag Private Nature Reserve,Nature Reserve,165,Cape Winelands
Op de Berg Private Nature Reserve,Nature Reserve,423,West Coast
Olisshof Private Nature Reserve,Nature Reserve,22,Garden Route
Natekara Private Nature Reserve,Nature Reserve,5,Garden Route
Mosselbankfontein Private Nature Reserve,Nature Reserve,246,Garden Route
Mooiplaas Private Nature Reserve,Nature Reserve,236,Cape Winelands
MontEco Private Nature Reserve,Nature Reserve,5862,Cape Winelands
Matroosberg Private Nature Reserve,Nature Reserve,1461,Cape Winelands
Langverwacht Private Nature Reserve,Nature Reserve,8,Overberg
Lake Pleasant Private Nature Reserve Section No.6,Nature Reserve,10,Garden Route
Lake Pleasant Private Nature Reserve Section No.5,Nature Reserve,5,Garden Route
Lake Pleasant Private Nature Reserve Section No.4,Nature Reserve,6,Garden Route
Lake Pleasant Private Nature Reserve Section No.3,Nature Reserve,3,Garden Route
Lake Pleasant Private Nature Reserve Section No.2,Nature Reserve,153,Garden Route
Lake Pleasant Private Nature Reserve,Nature Reserve,4,Garden Route
Kwelanga Private Nature Reserve,Nature Reserve,9,Garden Route
Koeberg Private Nature Reserve,Nature Reserve,2681,City of Cape Town
Klipfontein Private Nature Reserve,Nature Reserve,1079,Overberg
Kleyn Kloof Private Nature Reserve,Nature Reserve,27,Overberg
Kleinrivier Private Nature Reserve,Nature Reserve,671,Overberg
Kleinberg Private Nature Reserve,Nature Reserve,1560,Central Karoo
Kleinbaai Private Nature Reserve,Nature Reserve,78,Garden Route
Klein Houwhoek Private Nature Reserve,Nature Reserve,1155,Overberg
Klein Ezeljagt Private Nature Reserve,Nature Reserve,149,Overberg
Klein Cederberg Private Nature Reserve,Nature Reserve,990,Cape Winelands
Kiaruna Private Nature Reserve,Nature Reserve,67,Garden Route
Kapklip Private Nature Reserve,Nature Reserve,1370,Cape Winelands
Kanon Private Nature Reserve,Nature Reserve,124,Garden Route
Kannaland Private Nature Reserve,Nature Reserve,718,Overberg
Kalk Gat Private Nature Reserve,Nature Reserve,6141,West Coast
Kaaimans River Gorge Private Nature Reserve,Nature Reserve,13,Garden Route
Joostenberg Private Nature Reserve,Nature Reserve,59,Cape Winelands
Jongensgat Private Nature Reserve,Nature Reserve,145,Garden Route
Jan Malherbe Private Nature Reserve,Nature Reserve,245,Overberg
Jakkalsfontein Private Nature Reserve,Nature Reserve,1783,West Coast
Inverdoorn Private Nature Reserve,Nature Reserve,8994,Cape Winelands
Hopefield Private Nature Reserve,Nature Reserve,1706,West Coast
Honeybird Valley Private Reserve,Nature Reserve,510,Overberg
Hog Hollow Private Nature Reserve,Nature Reserve,12,Garden Route
Hoek van de Berg Private Nature Reserve,Nature Reserve,463,Overberg
Heuningnes River Private Nature Reserve,Nature Reserve,293,Overberg
Hessequa Hills Private Nature Reserve,Nature Reserve,112,Garden Route
Welbedacht Nature Reserve,Nature Reserve,154,Cape Winelands
Bakkrans Nature Reserve,Nature Reserve,2288,West Coast
Skimmelberg Nature Reserve,Nature Reserve,1353,West Coast
Wolwekop Nature Reserve,Nature Reserve,3034,Garden Route
Towerland Wilderness Nature Reserve,Nature Reserve,482,Garden Route
Grootwinterhoek Protected Environment,Protected Environment,4351,Cape Winelands
Wagenboom Nature Reserve,Nature Reserve,6467,Cape Winelands
Aan de Klipheuvel Nature Reserve,Nature Reserve,1413,West Coast
Bontebok Ridge Nature Reserve,Nature Reserve,556,Cape Winelands
De Rust Nature Reserve,Nature Reserve,1713,Overberg
Dwarsrivier Nature Reserve,Nature Reserve,5808,West Coast
Heidehof Nature Reserve,Nature Reserve,198,Overberg
Hooggelegen Nature Reserve,Nature Reserve,825,West Coast
Kruis Nature Reserve,Nature Reserve,323,West Coast
Mooiberg Nature Reserve,Nature Reserve,3186,West Coast
Rhenosterkop Nature Reserve,Nature Reserve,239,Cape Winelands
Simson-Simons Nature Reserve,Nature Reserve,316,West Coast
Taaiboschkraal Nature Reserve,Nature Reserve,4625,West Coast
Tweekuilen Nature Reserve,Nature Reserve,1335,West Coast
Vogelfontein 319 Nature Reserve,Nature Reserve,57,West Coast
Vogelfontein Nature Reserve,Nature Reserve,1488,West Coast
Nieuwe Gift Nature Reserve,Nature Reserve,564,West Coast
Knysna National Lake Area,Protected Environment,11555,Garden Route
Witzands Aquifer Nature Reserve,Nature Reserve,1750,City of Cape Town
Alsfontein Nature Reserve,Nature Reserve,1325,West Coast
Cape of Good Hope Nature Reserve,Nature Reserve,8002,City of Cape Town
Witsand Local Nature Reserve,Nature Reserve,8,Garden Route
High Slent Nature Reserve,Nature Reserve,238,Cape Winelands
Edith Stephens Nature Reserve,Nature Reserve,24,City of Cape Town
Botterblom Nature Reserve,Nature Reserve,4,City of Cape Town
Bothasig Nature Reserve,Nature Reserve,6,City of Cape Town
Blaauwberg Nature Reserve,Nature Reserve,1025,City of Cape Town
Bracken Nature Reserve,Nature Reserve,40,City of Cape Town
Uitkamp Wetland Nature Reserve,Nature Reserve,32,City of Cape Town
Tygerberg Nature Reserve,Nature Reserve,310,City of Cape Town
Steenbras Nature Reserve,Nature Reserve,8057,City of Cape Town
Papegaaiberg Nature Reserve,Nature Reserve,139,Cape Winelands
Platbos Forest Nature Reserve,Forest Nature Reserve,51,Overberg
Vergelegen Nature Reserve,Nature Reserve,2985,City of Cape Town
Witteberg Nature Reserve,Nature Reserve,4443,Central Karoo
Destiny Nature Reserve,Nature Reserve,1697,Garden Route
Witkliprug Nature Reserve,Nature Reserve,293,Garden Route
Robben Island Marine Protected Area,Marine Protected Area,61230,City of Cape Town
Bokbaai Nature Reserve,Nature Reserve,1071,West Coast
Wildealsvlei Nature Reserve,Nature Reserve,856,Garden Route
Helderberg Nature Reserve,Nature Reserve,290,City of Cape Town
Wolfgat Nature Reserve,Nature Reserve,264,City of Cape Town
Stilbaai Marine Protected Area,Marine Protected Area,3489,Garden Route
Van Loveren Nature Reserve,Nature Reserve,232,Cape Winelands
Robben Island,World Heritage Site,2866,City of Cape Town
Eagle Rock Private Nature Reserve,Nature Reserve,147,Overberg
Doringkloof Nature Reserve,Nature Reserve,274,Garden Route
Solva Nature Reserve,Nature Reserve,584,Overberg
Kromrivierkloof Nature Reserve,Nature Reserve,3904,West Coast
Elandsberg Private Nature Reserve,Nature Reserve,4620,Cape Winelands
Hottentots-Holland Mountain Catchment Area,Mountain Catchment Area,24028,City of Cape Town
Triangle Nature Reserve,Nature Reserve,989,Garden Route
Kwessie Nature Reserve,Nature Reserve,426,Garden Route
Shaw's Pass Nature Reserve,Nature Reserve,61,Overberg
Kogelberg Nature Reserve,Nature Reserve,778,Overberg
Jakkalsdans Nature Reserve,Nature Reserve,5980,Garden Route
Oorlogskloof Nature Reserve,Nature Reserve,6170,West Coast
Viljoensdrift Nature Reserve,Nature Reserve,290,Cape Winelands
Rietkraal Nature Reserve,Nature Reserve,922,Garden Route
Thornhill Nature Reserve,Nature Reserve,4618,Garden Route
Anysberg Provincial Nature Reserve,Nature Reserve,73813,Central Karoo
Skeiding Nature Reserve,Nature Reserve,1140,Garden Route
Rooi Els Nature Reserve,Nature Reserve,4,Overberg
Wilderness National Lake Area,Protected Environment,14285,Garden Route
Fontein Nature Reserve,Nature Reserve,342,Garden Route
Mountshoek Protected Environment,Protected Environment,7181,West Coast
Foxenburg Nature Reserve,Nature Reserve,79,Cape Winelands
Rolbaken Nature Reserve,Nature Reserve,509,Garden Route
Eastford Private Nature Reserve,Nature Reserve,140,Garden Route
Bontebok National Park,National Park,3414,Overberg
Garden Route National Park,National Park,125788,Garden Route
Van Kervel Nature Reserve,Nature Reserve,9,Garden Route
Cape Floral Region Protected Areas,World Heritage Site,894758,Garden Route
Table Mountain National Park,National Park,22288,City of Cape Town
Driftsands Nature Reserve,Nature Reserve,433,City of Cape Town
False Bay Nature Reserve,Nature Reserve,1769,City of Cape Town
Agulhas National Park,National Park,21578,Overberg
Karoo National Park,National Park,84469,Central Karoo
Wolwekraal Nature Reserve,Nature Reserve,114,Central Karoo
De Hoop Marine Protected Area,Marine Protected Area,28767,Overberg
Malgas Island Marine Protected Area,Marine Protected Area,115,West Coast
Sunshine Nature Reserve,Nature Reserve,2650,Cape Winelands
West Coast National Park,National Park,36556,West Coast
Vogelfontein Protected Environment,Protected Environment,2466,Central Karoo
Franco Three Fountains Nature Reserve,Nature Reserve,21,City of Cape Town
Haarwegskloof Nature Reserve,Nature Reserve,497,Overberg
Mountain Zebra-Camdeboo Protected Environment,Protected Environment,891006,Central Karoo
Wit Clay Gat  Nature Reserve,Nature Reserve,591,West Coast
Blomfontein Nature Reserve,Nature Reserve,2318,West Coast
Tankwa Karoo National Park,National Park,109066,Cape Winelands
Mount David Nature Reserve,Nature Reserve,824,Overberg
Lettas Kraal Nature Reserve,Nature Reserve,6898,Cape Winelands
Wilderness Nature Reserve,Nature Reserve,622,Garden Route
Bloutoring Nature Reserve,Nature Reserve,4648,Cape Winelands
Buffalo Valley Nature Reserve,Nature Reserve,323,Garden Route
Cederberg Oasis Nature Reserve,Nature Reserve,366,West Coast
Kleinheuwel Nature Reserve,Nature Reserve,4631,Overberg
Gecko Rock Private Nature Reserve,Nature Reserve,3668,Cape Winelands
Puntjie Nature Reserve,Nature Reserve,108,Garden Route
Zebraskop Nature Reserve,Nature Reserve,4159,Garden Route
Knersvlakte Nature Reserve,Nature Reserve,119329,West Coast
Koopmanskloof Private Nature Reserve,Nature Reserve,92,Cape Winelands
Voorstekop Eco Reserve,Nature Reserve,1239,Garden Route
